first_name,last_name,date,team_abbreviation,opponent_abbreviation,seconds_played,made_field_goals,attempted_field_goals,made_three_point_field_goals,attempted_three_point_field_goals,made_free_throws,attempted_free_throws,offensive_rebounds,defensive_rebounds,total_rebounds,assists,steals,blocks,turnovers,fouls_committed,points,draftkings_score
Chris,Paul,2015-01-03,LAC,PHI,1825,7,11,3,5,7,7,2,6,8,12,2,0,1,4,24,57.0
Ty,Lawson,2015-01-03,DEN,MEM,2212,10,14,3,4,2,3,0,5,5,11,2,2,2,2,25,56.25
Pau,Gasol,2015-01-03,CHI,BOS,2299,9,16,1,1,10,11,5,11,16,2,1,5,5,1,29,62.0
Kemba,Walker,2015-01-03,CHO,ORL,2328,10,21,4,8,6,7,1,6,7,6,2,1,3,0,30,54.25
Trey,Burke,2015-01-03,UTA,MIN,2318,10,16,4,6,4,6,0,6,6,6,1,0,1,3,28,48.0
LaMarcus,Aldridge,2015-01-03,POR,ATL,2365,14,25,0,0,2,2,5,7,12,4,1,2,4,1,30,55.0
James,Harden,2015-01-03,HOU,MIA,1692,9,17,3,6,7,7,1,4,5,2,1,0,3,1,28,39.25
Jeff,Teague,2015-01-03,ATL,POR,2116,8,16,0,2,6,6,1,2,3,6,2,0,1,0,22,38.25
Victor,Oladipo,2015-01-03,ORL,CHO,1942,6,14,1,4,8,8,0,4,4,5,4,0,1,3,21,41.5
Cory,Joseph,2015-01-03,SAS,WAS,1961,8,10,0,0,3,4,1,3,4,4,0,2,0,2,19,34.0
Arron,Afflalo,2015-01-03,DEN,MEM,1962,8,12,2,3,5,5,0,1,1,2,1,0,1,0,23,29.75
Dwight,Howard,2015-01-03,HOU,MIA,1587,9,13,0,0,5,9,4,9,13,0,0,0,2,2,23,38.25
Paul,Millsap,2015-01-03,ATL,POR,2202,11,17,0,1,5,7,3,3,6,0,1,1,4,3,27,36.5
Nikola,Vucevic,2015-01-03,ORL,CHO,2123,8,16,0,0,4,4,2,8,10,2,1,2,0,5,20,41.5
Thabo,Sefolosha,2015-01-03,ATL,POR,1652,3,4,1,1,6,6,2,10,12,3,2,0,2,2,13,36.0
Jordan,Farmar,2015-01-03,LAC,PHI,1055,5,8,2,5,1,1,0,1,1,6,3,0,0,0,13,30.25
Rudy,Gobert,2015-01-03,UTA,MIN,1859,5,7,0,0,3,6,2,9,11,1,1,6,1,3,13,41.75
Andrew,Wiggins,2015-01-03,MIN,UTA,2204,8,15,1,3,3,3,1,3,4,2,1,1,0,2,20,32.5
Evan,Turner,2015-01-03,BOS,CHI,2399,12,22,4,5,1,2,0,5,5,6,1,0,7,3,29,44.75
Tony,Wroten,2015-01-03,PHI,LAC,2335,8,21,2,8,9,10,1,3,4,7,1,0,6,1,27,42.5
Jared,Sullinger,2015-01-03,BOS,CHI,2147,8,17,0,3,0,0,8,8,16,2,1,1,2,1,16,42.0
Michael,Kidd-Gilchrist,2015-01-03,CHO,ORL,2176,7,13,0,0,3,6,5,7,12,3,0,1,2,1,17,37.5
Robert,Covington,2015-01-03,PHI,LAC,1911,9,15,4,7,1,2,0,3,3,0,1,0,1,3,23,30.25
Tiago,Splitter,2015-01-03,SAS,WAS,1653,7,8,0,0,2,2,0,3,3,2,0,1,1,0,16,24.25
Mo,Williams,2015-01-03,MIN,UTA,1814,8,16,3,5,1,3,0,5,5,3,2,0,1,2,20,35.75
Marc,Gasol,2015-01-03,MEM,DEN,1640,7,15,0,0,4,4,1,4,5,2,0,3,1,0,18,32.75
Tobias,Harris,2015-01-03,ORL,CHO,2397,8,15,0,2,2,3,5,6,11,0,1,1,1,4,18,35.25
John,Wall,2015-01-03,WAS,SAS,2142,7,13,0,2,1,2,0,3,3,8,1,0,1,1,15,32.25
Jusuf,Nurkic,2015-01-03,DEN,MEM,1387,4,9,0,0,3,4,1,9,10,0,2,5,1,0,11,37.0
Trevor,Booker,2015-01-03,UTA,MIN,1465,4,7,0,0,0,0,5,10,15,6,0,1,2,1,8,36.75
Wesley,Matthews,2015-01-03,POR,ATL,2014,5,15,4,11,5,5,1,0,1,3,1,0,0,2,19,28.75
Kyle,Korver,2015-01-03,ATL,POR,2170,5,11,4,9,0,0,0,8,8,1,1,1,0,1,14,31.5
Luc,Mbah,2015-01-03,PHI,LAC,1463,4,7,2,4,4,4,1,0,1,1,1,0,0,1,14,19.75
Boris,Diaw,2015-01-03,SAS,WAS,1501,7,8,0,0,0,0,0,2,2,3,0,0,1,1,14,20.5
Nicolas,Batum,2015-01-03,POR,ATL,2241,7,13,2,7,0,0,0,4,4,3,2,1,3,1,16,31.0
Jon,Leuer,2015-01-03,MEM,DEN,1187,5,8,0,1,0,0,2,5,7,4,1,0,0,2,10,26.75
Reggie,Bullock,2015-01-03,LAC,PHI,1137,3,4,3,4,1,2,0,4,4,2,2,0,0,1,10,23.5
Taj,Gibson,2015-01-03,CHI,BOS,1877,4,10,0,0,4,5,5,1,6,2,0,1,0,0,12,24.5
Corey,Brewer,2015-01-03,HOU,MIA,1500,3,7,3,7,2,2,0,4,4,3,2,0,0,2,11,26.0
Aaron,Brooks,2015-01-03,CHI,BOS,1222,6,15,3,8,4,5,2,2,4,1,1,0,2,1,19,28.0
DeMarre,Carroll,2015-01-03,ATL,POR,1973,4,8,0,1,3,6,3,6,9,1,2,1,1,1,11,29.25
J.J.,Redick,2015-01-03,LAC,PHI,1628,7,12,3,7,0,0,0,1,1,1,0,0,0,2,17,21.25
Jae,Crowder,2015-01-03,BOS,CHI,912,4,7,0,1,2,2,0,3,3,2,2,1,0,2,10,22.75
Derrick,Favors,2015-01-03,UTA,MIN,1561,5,9,0,0,5,7,2,6,8,0,1,0,2,3,15,26.0
Patrick,Mills,2015-01-03,SAS,WAS,919,6,8,3,5,0,0,2,0,2,1,0,0,1,5,15,20.0
Glen,Davis,2015-01-03,LAC,PHI,828,2,2,0,0,4,4,0,3,3,2,1,0,0,0,8,16.75
Cody,Zeller,2015-01-03,CHO,ORL,1228,3,5,0,0,6,8,1,6,7,1,1,0,2,1,12,23.25
Damian,Lillard,2015-01-03,POR,ATL,2339,7,18,2,6,0,1,2,6,8,7,0,1,2,5,16,38.5
Dwyane,Wade,2015-01-03,MIA,HOU,1528,5,11,0,0,5,5,0,4,4,3,0,0,2,0,15,23.5
Joakim,Noah,2015-01-03,CHI,BOS,2174,3,10,0,0,2,4,6,6,12,6,3,2,4,4,8,40.0
Wilson,Chandler,2015-01-03,DEN,MEM,2120,4,12,2,4,5,5,2,3,5,2,0,0,1,2,15,24.75
Marcin,Gortat,2015-01-03,WAS,SAS,1939,6,10,0,1,0,2,1,4,5,1,1,1,0,2,12,23.75
Jeremy,Evans,2015-01-03,UTA,MIN,875,3,4,1,1,2,2,1,1,2,0,1,2,1,0,9,17.5
Kris,Humphries,2015-01-03,WAS,SAS,1213,5,8,0,0,0,0,1,7,8,0,1,0,0,1,10,22.0
Otto,Porter,2015-01-03,WAS,SAS,1713,5,8,0,2,1,2,1,0,1,3,0,1,0,2,11,18.75
Nikola,Mirotic,2015-01-03,CHI,BOS,2263,2,10,1,6,5,7,0,8,8,4,2,0,0,2,10,30.5
Hassan,Whiteside,2015-01-03,MIA,HOU,1189,6,8,0,0,2,6,2,4,6,0,0,2,3,2,14,24.0
Bradley,Beal,2015-01-03,WAS,SAS,2003,6,12,2,3,1,2,1,0,1,3,0,0,1,3,15,21.25
Jamal,Crawford,2015-01-03,LAC,PHI,1304,3,9,1,5,5,5,2,2,4,3,0,0,1,2,12,21.5
Kenneth,Faried,2015-01-03,DEN,MEM,1703,5,10,0,1,3,4,2,11,13,1,0,0,3,2,13,29.25
DeAndre,Jordan,2015-01-03,LAC,PHI,1567,3,5,0,0,1,4,4,6,10,1,1,1,1,1,7,24.5
Elfrid,Payton,2015-01-03,ORL,CHO,2101,3,9,0,0,1,1,1,2,3,7,2,0,1,0,7,24.75
Gorgui,Dieng,2015-01-03,MIN,UTA,1957,2,7,0,0,6,6,2,4,6,1,1,2,1,4,10,24.5
Blake,Griffin,2015-01-03,LAC,PHI,1783,7,13,0,1,1,1,0,2,2,3,1,0,3,1,15,22.5
Patrick,Beverley,2015-01-03,HOU,MIA,1452,3,5,3,4,2,2,1,1,2,2,0,0,1,3,11,17.5
Kosta,Koufos,2015-01-03,MEM,DEN,1518,3,4,0,0,0,0,1,8,9,1,0,1,0,0,6,20.75
Tyler,Zeller,2015-01-03,BOS,CHI,1662,4,5,0,0,2,2,0,1,1,4,1,0,1,6,10,18.75
Jordan,Adams,2015-01-03,MEM,DEN,383,5,6,1,1,1,2,0,1,1,0,0,0,1,0,12,13.25
Gary,Neal,2015-01-03,CHO,ORL,1142,5,11,0,3,6,6,0,1,1,2,0,0,3,1,16,18.75
Avery,Bradley,2015-01-03,BOS,CHI,2184,8,15,0,1,1,2,1,1,2,0,1,0,2,2,17,20.5
Marvin,Williams,2015-01-03,CHO,ORL,1735,4,8,0,2,1,1,2,7,9,2,0,0,1,1,9,22.75
Marco,Belinelli,2015-01-03,SAS,WAS,1547,4,11,0,3,4,4,0,5,5,3,0,0,1,1,12,22.25
Josh,Smith,2015-01-03,HOU,MIA,1683,6,9,0,1,0,2,2,5,7,2,0,1,3,3,12,24.25
Kevin,Seraphin,2015-01-03,WAS,SAS,941,4,8,0,0,1,1,2,2,4,1,0,1,0,1,9,17.5
Nene,Hilario,2015-01-03,WAS,SAS,1555,5,9,0,0,2,2,1,0,1,1,2,1,2,5,12,19.75
Donatas,Motiejunas,2015-01-03,HOU,MIA,1644,5,11,0,2,2,3,2,0,2,3,2,0,2,4,12,22.0
Anthony,Bennett,2015-01-03,MIN,UTA,999,3,7,1,1,0,0,2,2,4,2,2,0,1,0,7,19.0
Isaiah,Canaan,2015-01-03,HOU,MIA,446,2,4,2,3,2,3,1,2,3,1,0,0,0,0,8,14.25
Danny,Green,2015-01-03,SAS,WAS,2081,4,9,1,4,1,4,3,3,6,1,1,0,1,1,10,21.0
J.J.,Hickson,2015-01-03,DEN,MEM,1177,4,6,0,0,3,4,2,1,3,1,0,0,3,0,11,14.75
Ian,Clark,2015-01-03,UTA,MIN,960,3,4,3,3,0,0,0,1,1,0,0,0,0,1,9,11.75
E'Twaun,Moore,2015-01-03,CHI,BOS,984,3,7,0,1,2,4,2,1,3,1,1,0,0,0,8,15.25
Luol,Deng,2015-01-03,MIA,HOU,1464,5,8,0,0,0,0,3,3,6,1,1,0,4,1,10,19.0
Joe,Ingles,2015-01-03,UTA,MIN,1808,3,7,1,2,0,0,1,2,3,4,2,0,2,2,7,20.25
Tony,Allen,2015-01-03,MEM,DEN,1380,3,6,0,0,0,1,1,1,2,1,3,2,1,3,6,19.5
JaKarr,Sampson,2015-01-03,PHI,LAC,1454,4,7,1,3,1,2,0,3,3,1,1,0,1,4,10,17.25
Chris,Bosh,2015-01-03,MIA,HOU,1642,4,12,1,4,6,8,2,2,4,2,0,0,4,2,15,21.5
Spencer,Hawes,2015-01-03,LAC,PHI,1241,3,9,1,4,0,0,1,5,6,3,1,2,1,4,7,25.0
Pero,Antic,2015-01-03,ATL,POR,1308,4,8,1,3,1,1,1,2,3,0,0,1,1,3,10,15.75
Joel,Freeland,2015-01-03,POR,ATL,1074,1,3,0,0,2,2,2,3,5,1,0,3,0,4,4,17.75
Al,Horford,2015-01-03,ATL,POR,1989,6,12,0,0,1,4,0,5,5,4,0,1,3,5,13,25.75
Zach,LaVine,2015-01-03,MIN,UTA,1417,3,6,0,0,2,2,1,1,2,2,1,1,3,1,8,16.0
Dorell,Wright,2015-01-03,POR,ATL,570,3,5,3,4,1,2,0,0,0,0,1,0,1,4,10,13.0
Jason,Terry,2015-01-03,HOU,MIA,1181,2,5,2,4,0,0,0,0,0,3,0,0,0,0,6,11.5
Mario,Chalmers,2015-01-03,MIA,HOU,1223,1,2,1,1,0,0,0,1,1,5,1,0,0,4,3,14.25
Mike,Conley,2015-01-03,MEM,DEN,1528,4,11,0,1,0,0,0,2,2,5,1,0,1,2,8,19.5
James,Ennis,2015-01-03,MIA,HOU,1450,3,6,1,3,0,2,1,1,2,2,1,1,2,1,7,16.0
Robbie,Hummel,2015-01-03,MIN,UTA,1185,2,4,1,1,0,0,1,1,2,1,1,0,0,2,5,11.5
Tim,Duncan,2015-01-03,SAS,WAS,1884,2,8,0,0,0,2,3,6,9,4,1,2,2,2,4,26.25
Trevor,Ariza,2015-01-03,HOU,MIA,1380,1,5,0,3,0,0,0,2,2,4,6,0,3,2,2,21.0
Shabazz,Muhammad,2015-01-03,MIN,UTA,1270,3,9,0,3,2,2,1,0,1,1,0,0,0,0,8,10.75
Jason,Maxiell,2015-01-03,CHO,ORL,1759,1,3,0,0,1,2,5,3,8,0,0,1,0,5,3,15.0
Luke,Ridnour,2015-01-03,ORL,CHO,779,1,5,0,1,2,2,1,1,2,3,0,0,0,0,4,11.0
Chris,Andersen,2015-01-03,MIA,HOU,1177,2,2,0,0,0,2,0,3,3,2,0,0,1,0,4,10.25
Courtney,Lee,2015-01-03,MEM,DEN,1425,3,5,1,2,0,0,0,3,3,1,1,0,3,2,7,13.25
Tony,Snell,2015-01-03,CHI,BOS,804,1,4,0,2,1,2,1,2,3,2,1,0,0,1,3,11.75
Jarnell,Stokes,2015-01-03,MEM,DEN,993,2,5,0,0,3,5,2,1,3,0,0,1,0,6,7,12.75
Kirk,Hinrich,2015-01-03,CHI,BOS,2196,4,10,0,6,0,0,3,2,5,0,0,1,1,4,8,15.75
Kyle,Anderson,2015-01-03,SAS,WAS,563,1,3,0,0,0,0,0,1,1,3,1,0,0,1,2,9.75
Jared,Cunningham,2015-01-03,LAC,PHI,341,1,2,1,1,0,0,0,1,1,0,1,0,0,0,3,6.75
Furkan,Aldemir,2015-01-03,PHI,LAC,750,1,3,0,0,1,2,4,3,7,0,0,0,1,1,3,11.25
Darrell,Arthur,2015-01-03,DEN,MEM,912,2,3,0,1,0,0,0,2,2,0,0,1,0,2,4,8.5
Dewayne,Dedmon,2015-01-03,ORL,CHO,298,1,2,0,0,1,1,2,2,4,0,0,0,0,2,3,8.0
Ben,Gordon,2015-01-03,ORL,CHO,678,1,3,1,2,2,2,0,1,1,0,0,0,0,1,5,6.75
Brandan,Wright,2015-01-03,BOS,CHI,891,1,3,0,0,0,0,1,2,3,3,0,1,1,1,2,11.75
Alonzo,Gee,2015-01-03,DEN,MEM,383,0,0,0,0,2,2,0,3,3,0,0,0,0,0,2,5.75
C.J.,McCollum,2015-01-03,POR,ATL,455,2,5,1,3,0,0,0,0,0,0,1,0,0,1,5,7.5
Phil,Pressey,2015-01-03,BOS,CHI,779,2,7,1,2,0,0,0,2,2,3,1,1,2,1,5,15.5
Jeff,Adrien,2015-01-03,MIN,UTA,923,1,5,0,0,0,0,4,4,8,1,0,0,0,2,2,13.5
Dennis,Schroder,2015-01-03,ATL,POR,764,2,5,0,0,1,1,0,0,0,2,1,0,2,0,5,9.0
Matt,Barnes,2015-01-03,LAC,PHI,1350,3,8,1,5,0,2,0,2,2,0,1,0,0,2,7,12.0
Gary,Harris,2015-01-03,DEN,MEM,383,1,2,0,0,0,0,0,0,0,2,1,0,0,2,2,7.0
Kostas,Papanikolaou,2015-01-03,HOU,MIA,1389,1,6,0,1,0,0,5,2,7,1,2,0,2,1,2,15.25
Thaddeus,Young,2015-01-03,MIN,UTA,1416,3,8,0,1,1,2,0,1,1,2,0,1,2,0,7,12.25
Andre,Miller,2015-01-03,WAS,SAS,738,0,3,0,0,0,0,1,1,2,4,1,0,0,1,0,10.5
Aron,Baynes,2015-01-03,SAS,WAS,493,2,5,0,0,0,0,0,3,3,0,0,0,0,0,4,7.75
Paul,Pierce,2015-01-03,WAS,SAS,1006,1,4,1,3,2,2,0,1,1,1,0,0,1,1,5,7.75
Marcus,Smart,2015-01-03,BOS,CHI,1015,2,3,0,0,0,0,0,0,0,1,1,0,1,3,4,7.0
Gordon,Hayward,2015-01-03,UTA,MIN,2093,4,13,1,3,0,0,0,1,1,4,0,1,2,3,9,17.75
Ekpe,Udoh,2015-01-03,LAC,PHI,341,2,2,0,0,0,0,0,1,1,0,0,0,1,2,4,4.75
Nerlens,Noel,2015-01-03,PHI,LAC,2028,3,12,0,0,1,2,6,6,12,4,0,1,6,3,7,27.0
Glenn,Robinson,2015-01-03,MIN,UTA,113,1,1,0,0,0,0,0,0,0,0,0,0,0,0,2,2.0
Nick,Calathes,2015-01-03,MEM,DEN,1352,2,9,0,1,0,0,0,2,2,5,0,1,1,2,4,15.5
Jerami,Grant,2015-01-03,PHI,LAC,966,0,1,0,0,1,2,0,2,2,0,1,0,0,0,1,5.5
Bismack,Biyombo,2015-01-03,CHO,ORL,1038,0,0,0,0,0,0,0,2,2,0,1,1,0,3,0,6.5
Rasual,Butler,2015-01-03,WAS,SAS,1150,1,7,1,3,0,0,1,4,5,1,0,2,1,1,3,14.75
Norris,Cole,2015-01-03,MIA,HOU,1657,3,7,0,0,0,0,0,2,2,4,0,0,3,4,6,13.0
Danny,Granger,2015-01-03,MIA,HOU,1406,1,6,1,3,2,2,0,1,1,0,2,0,2,1,5,9.75
Manu,Ginobili,2015-01-03,SAS,WAS,1674,2,8,0,4,1,2,0,3,3,5,1,0,3,3,5,16.75
Gerald,Henderson,2015-01-03,CHO,ORL,1762,4,12,0,1,1,2,2,3,5,1,0,0,3,2,9,15.25
Nate,Robinson,2015-01-03,DEN,MEM,285,1,2,0,1,0,2,0,0,0,1,0,0,0,0,2,3.5
Matt,Bonner,2015-01-03,SAS,WAS,124,0,0,0,0,0,0,0,0,0,1,0,0,0,0,0,1.5
Joey,Dorsey,2015-01-03,HOU,MIA,446,0,1,0,0,0,0,1,2,3,0,0,0,0,0,0,3.75
Jeff,Green,2015-01-03,BOS,CHI,2268,4,18,0,3,3,3,0,9,9,2,1,1,4,3,11,27.25
Brian,Roberts,2015-01-03,CHO,ORL,885,1,4,0,1,0,0,0,1,1,1,0,0,0,0,2,4.75
Steve,Blake,2015-01-03,POR,ATL,1350,2,4,1,2,0,0,0,1,1,2,0,0,3,3,5,8.25
Chris,Kaman,2015-01-03,POR,ATL,899,1,4,0,0,0,0,0,7,7,3,0,0,3,1,2,13.75
Udonis,Haslem,2015-01-03,MIA,HOU,511,0,0,0,0,0,0,0,2,2,0,0,0,0,1,0,2.5
Evan,Fournier,2015-01-03,ORL,CHO,1700,4,15,1,7,0,0,1,4,5,1,1,0,2,4,9,18.25
Allen,Crabbe,2015-01-03,POR,ATL,495,0,1,0,0,0,0,1,0,1,0,0,0,0,0,0,1.25
Erick,Green,2015-01-03,DEN,MEM,383,1,4,0,1,0,0,0,1,1,0,0,0,0,0,2,3.25
Timofey,Mozgov,2015-01-03,DEN,MEM,1493,1,5,0,0,2,2,1,4,5,1,0,0,2,4,4,10.75
Henry,Sims,2015-01-03,PHI,LAC,900,1,1,0,0,0,0,0,2,2,2,1,0,4,2,2,7.5
Brandon,Bass,2015-01-03,BOS,CHI,813,0,1,0,0,0,0,0,2,2,1,0,0,0,2,0,4.0
Thomas,Robinson,2015-01-03,POR,ATL,598,0,0,0,0,0,0,0,5,5,1,0,0,2,1,0,6.75
Kelly,Olynyk,2015-01-03,BOS,CHI,831,0,2,0,2,0,0,0,2,2,2,0,1,0,4,0,7.5
K.J.,McDaniels,2015-01-03,PHI,LAC,1553,2,10,0,2,0,2,2,4,6,1,1,0,1,2,4,14.5
Malcolm,Thomas,2015-01-03,PHI,LAC,1040,0,2,0,1,0,0,1,4,5,1,0,0,1,2,0,7.25
Devyn,Marble,2015-01-03,ORL,CHO,402,0,0,0,0,0,0,0,1,1,0,0,0,1,0,0,0.75
Toure',Murry,2015-01-03,UTA,MIN,65,0,1,0,0,0,0,0,0,0,0,0,0,0,0,0,0.0
P.J.,Hairston,2015-01-03,CHO,ORL,347,0,1,0,1,0,0,0,1,1,0,0,0,0,1,0,1.25
Dante,Exum,2015-01-03,UTA,MIN,1396,1,7,1,5,0,0,0,0,0,2,0,0,1,0,3,6.0
Derrick,Rose,2015-01-03,CHI,BOS,2081,5,18,1,4,1,2,0,2,2,1,1,0,4,1,12,16.5
Shawne,Williams,2015-01-03,MIA,HOU,620,0,3,0,3,0,0,0,1,1,0,1,0,0,1,0,3.25
Andre,Dawkins,2015-01-03,MIA,HOU,533,0,3,0,3,0,0,0,1,1,1,0,0,0,1,0,2.75
Quincy,Pondexter,2015-01-03,MEM,DEN,953,0,2,0,2,0,0,0,0,0,1,0,0,0,2,0,1.5
Channing,Frye,2015-01-03,ORL,CHO,760,0,2,0,2,0,0,0,1,1,0,0,0,0,2,0,1.25
Mike,Scott,2015-01-03,ATL,POR,227,0,3,0,0,0,0,0,0,0,0,0,0,0,0,0,0.0
Vince,Carter,2015-01-03,MEM,DEN,924,2,8,0,4,1,1,0,0,0,0,0,0,2,1,5,4.0
Kyle,O'Quinn,2015-01-03,ORL,CHO,1220,1,6,1,1,0,0,0,2,2,0,0,0,1,3,3,5.5
Troy,Daniels,2015-01-03,MIN,UTA,1102,0,8,0,5,0,0,2,2,4,2,0,0,0,2,0,8.0
Tayshaun,Prince,2015-01-03,MEM,DEN,1117,1,7,0,2,0,0,1,2,3,0,0,0,2,0,2,4.75
