first_name,last_name,date,team_abbreviation,opponent_abbreviation,seconds_played,made_field_goals,attempted_field_goals,made_three_point_field_goals,attempted_three_point_field_goals,made_free_throws,attempted_free_throws,offensive_rebounds,defensive_rebounds,total_rebounds,assists,steals,blocks,turnovers,fouls_committed,points,draftkings_score
John,Wall,2015-03-14,WAS,SAC,2312,9,15,4,5,9,10,0,2,2,12,1,1,5,2,31,55.0
Stephen,Curry,2015-03-14,GSW,NYK,1616,8,15,6,10,3,3,0,3,3,11,3,0,1,2,25,53.75
George,Hill,2015-03-14,IND,BOS,2086,11,18,2,7,6,6,1,4,5,8,1,0,3,3,30,49.75
Derrick,Favors,2015-03-14,UTA,DET,2118,8,14,0,0,10,13,1,0,1,1,2,4,1,3,26,40.25
DeMarcus,Cousins,2015-03-14,SAC,WAS,1781,9,17,0,0,12,16,2,4,6,5,0,1,3,6,30,45.5
Klay,Thompson,2015-03-14,GSW,NYK,1534,9,17,6,10,3,3,0,2,2,2,0,0,0,1,27,35.5
Draymond,Green,2015-03-14,GSW,NYK,1513,5,7,2,3,0,0,0,7,7,5,5,0,2,2,12,38.25
Thaddeus,Young,2015-03-14,BRK,PHI,2108,9,15,1,2,2,4,0,9,9,0,2,1,1,2,21,38.25
Ray,McCallum,2015-03-14,SAC,WAS,1727,5,8,2,2,3,4,3,3,6,6,1,0,2,2,15,33.5
Tyler,Zeller,2015-03-14,BOS,IND,1564,8,10,0,0,2,4,1,6,7,0,0,0,0,1,18,26.75
Jae,Crowder,2015-03-14,BOS,IND,1976,5,11,2,4,4,4,2,5,7,2,1,1,1,0,16,32.25
Giannis,Antetokounmpo,2015-03-14,MIL,MEM,2357,7,10,0,1,5,6,1,5,6,2,0,0,2,3,19,28.5
Rasual,Butler,2015-03-14,WAS,SAC,1649,6,10,2,4,0,0,1,4,5,2,1,1,0,0,14,28.25
Brandon,Bass,2015-03-14,BOS,IND,1952,5,9,0,1,6,6,1,4,5,3,1,0,2,1,16,27.75
Rudy,Gobert,2015-03-14,UTA,DET,2324,5,8,0,0,0,2,5,14,19,1,1,2,2,1,10,40.25
Marc,Gasol,2015-03-14,MEM,MIL,2048,6,12,0,0,0,0,1,6,7,7,1,1,0,3,12,35.25
Greg,Monroe,2015-03-14,DET,UTA,1975,7,15,0,0,2,3,5,8,13,2,0,2,2,2,16,38.25
Justin,Holiday,2015-03-14,GSW,NYK,1346,4,9,3,6,2,2,0,4,4,0,2,1,0,1,13,25.5
Alexey,Shved,2015-03-14,NYK,GSW,1283,4,10,2,5,4,7,1,3,4,5,3,1,4,1,14,33.5
Andrea,Bargnani,2015-03-14,NYK,GSW,1692,8,14,1,1,1,2,1,2,3,2,0,2,3,1,18,27.75
Courtney,Lee,2015-03-14,MEM,MIL,1752,6,10,2,3,3,3,0,1,1,2,0,0,2,1,17,21.25
Nerlens,Noel,2015-03-14,PHI,BRK,1775,7,10,0,0,3,3,1,6,7,2,1,2,5,6,17,32.25
Shaun,Livingston,2015-03-14,GSW,NYK,1090,4,6,0,0,0,0,1,4,5,7,1,1,2,1,8,27.75
Paul,Pierce,2015-03-14,WAS,SAC,1397,7,11,3,5,0,0,0,3,3,1,0,0,1,3,17,23.25
Jodie,Meeks,2015-03-14,DET,UTA,2000,2,9,1,3,6,8,0,2,2,5,4,0,1,1,11,29.0
Rodney,Hood,2015-03-14,UTA,DET,1955,5,10,2,4,0,0,0,6,6,1,3,0,0,3,12,28.0
Zach,Randolph,2015-03-14,MEM,MIL,2062,4,10,0,0,7,8,2,4,6,4,2,1,5,3,15,32.0
Cole,Aldrich,2015-03-14,NYK,GSW,934,0,4,0,0,2,2,5,4,9,5,1,5,1,0,2,32.25
Joe,Johnson,2015-03-14,BRK,PHI,1935,6,10,0,2,3,4,0,4,4,3,0,0,2,1,15,23.5
Bradley,Beal,2015-03-14,WAS,SAC,2018,4,13,2,6,4,5,2,3,5,7,0,1,2,3,14,32.75
Khris,Middleton,2015-03-14,MIL,MEM,2221,6,15,1,4,4,5,1,2,3,3,2,0,2,3,17,28.75
Langston,Galloway,2015-03-14,NYK,GSW,1714,4,7,2,4,0,0,0,3,3,2,2,0,0,1,10,21.75
Zaza,Pachulia,2015-03-14,MIL,MEM,1598,5,8,0,0,4,4,1,3,4,1,0,1,2,2,14,21.5
Beno,Udrih,2015-03-14,MEM,MIL,1865,6,10,2,2,0,0,0,3,3,2,1,0,2,1,14,22.75
David,West,2015-03-14,IND,BOS,1792,4,9,0,0,3,3,2,2,4,3,1,1,1,2,11,24.0
Marcin,Gortat,2015-03-14,WAS,SAC,1900,6,9,0,0,1,2,1,4,5,2,0,1,1,4,13,23.75
Spencer,Dinwiddie,2015-03-14,DET,UTA,1202,3,9,1,4,2,3,1,1,2,6,2,0,0,2,9,25.0
Isaiah,Canaan,2015-03-14,PHI,BRK,1755,6,13,1,8,0,0,1,3,4,3,0,0,0,2,13,23.0
Tayshaun,Prince,2015-03-14,DET,UTA,1506,3,6,2,2,0,0,2,7,9,3,0,0,1,1,8,24.25
C.J.,Watson,2015-03-14,IND,BOS,1191,4,8,2,3,2,2,0,3,3,2,0,0,0,3,12,19.75
Jeff,Green,2015-03-14,MEM,MIL,1602,5,13,2,4,3,4,3,2,5,2,1,0,3,2,15,25.75
Cory,Jefferson,2015-03-14,BRK,PHI,772,3,3,0,0,0,0,2,3,5,1,1,1,1,0,6,17.25
Hollis,Thompson,2015-03-14,PHI,BRK,1688,5,12,2,6,0,0,0,4,4,1,1,1,0,1,12,23.5
Thomas,Robinson,2015-03-14,PHI,BRK,1032,3,5,0,0,1,1,3,9,12,0,1,0,1,2,7,23.5
Derrick,Williams,2015-03-14,SAC,WAS,2023,6,11,3,6,0,0,0,1,1,1,0,0,2,0,15,18.25
Tim,Hardaway,2015-03-14,NYK,GSW,1211,5,10,3,6,0,0,0,4,4,3,0,0,2,2,13,23.0
Andre,Iguodala,2015-03-14,GSW,NYK,1101,3,5,1,3,0,0,0,1,1,3,1,1,0,1,7,17.25
David,Lee,2015-03-14,GSW,NYK,1461,5,6,0,0,0,0,1,3,4,2,0,1,2,3,10,19.0
Kevin,Seraphin,2015-03-14,WAS,SAC,1025,5,5,0,0,0,0,0,4,4,1,0,1,1,5,10,18.0
Marreese,Speights,2015-03-14,GSW,NYK,1044,2,8,0,0,5,5,2,0,2,1,1,1,0,0,9,17.0
Anthony,Tolliver,2015-03-14,DET,UTA,1651,5,12,2,8,2,3,1,2,3,1,0,0,0,3,14,20.25
Avery,Bradley,2015-03-14,BOS,IND,2066,7,19,2,5,0,0,0,4,4,2,2,0,1,3,16,28.5
Ish,Smith,2015-03-14,PHI,BRK,1404,3,10,1,3,2,2,0,2,2,5,2,0,2,0,9,22.5
Joel,Anthony,2015-03-14,DET,UTA,1284,5,9,0,0,0,1,4,1,5,0,0,1,0,5,10,18.25
Tony,Allen,2015-03-14,MEM,MIL,1896,4,12,0,1,1,1,0,3,3,1,4,0,0,2,9,22.25
Dante,Exum,2015-03-14,UTA,DET,1907,3,5,2,3,0,0,0,2,2,5,0,0,2,2,8,18.0
Marcus,Smart,2015-03-14,BOS,IND,1642,3,10,2,6,0,2,4,3,7,1,3,1,1,4,8,26.75
Ersan,Ilyasova,2015-03-14,MIL,MEM,1406,4,10,2,4,2,4,1,4,5,0,1,0,0,5,12,21.25
Jarrett,Jack,2015-03-14,BRK,PHI,1609,6,16,0,3,0,0,0,2,2,8,1,0,3,2,12,27.0
Alan,Anderson,2015-03-14,BRK,PHI,1181,4,11,1,6,1,2,0,4,4,1,2,0,1,0,10,20.5
Deron,Williams,2015-03-14,BRK,PHI,1537,3,7,0,2,4,6,0,2,2,5,0,0,2,3,10,19.0
Trevor,Booker,2015-03-14,UTA,DET,1084,3,6,0,0,0,0,3,4,7,0,0,2,1,1,6,18.25
Vince,Carter,2015-03-14,MEM,MIL,946,3,5,2,3,0,0,0,1,1,1,0,0,0,1,8,11.75
Tyler,Ennis,2015-03-14,MIL,MEM,2179,3,14,1,5,0,0,1,3,4,11,2,0,3,2,7,31.5
Robert,Covington,2015-03-14,PHI,BRK,1358,4,10,2,6,0,0,1,3,4,1,1,0,1,3,10,19.0
Gordon,Hayward,2015-03-14,UTA,DET,2157,4,8,0,0,4,6,0,5,5,3,1,0,6,1,12,21.75
Phil,Pressey,2015-03-14,BOS,IND,1048,3,7,0,2,1,1,0,1,1,4,0,0,1,0,7,13.75
Travis,Wear,2015-03-14,NYK,GSW,1045,3,11,0,2,1,2,4,4,8,2,0,1,0,2,7,22.0
Carl,Landry,2015-03-14,SAC,WAS,1115,4,6,0,0,0,0,1,0,1,0,0,0,0,2,8,9.25
Louis,Amundson,2015-03-14,NYK,GSW,839,3,8,0,0,1,2,4,3,7,1,0,0,1,1,7,16.75
Jason,Thompson,2015-03-14,SAC,WAS,1379,2,5,0,0,0,0,2,3,5,1,0,1,0,0,4,13.75
Harrison,Barnes,2015-03-14,GSW,NYK,1204,3,5,1,1,1,2,1,3,4,0,0,0,2,0,8,12.5
Andre,Miller,2015-03-14,SAC,WAS,1339,1,6,0,2,2,3,2,2,4,7,0,0,2,0,4,18.5
Mason,Plumlee,2015-03-14,BRK,PHI,1259,3,8,0,0,0,0,1,4,5,1,1,1,0,3,6,17.75
DeJuan,Blair,2015-03-14,WAS,SAC,973,3,6,0,0,0,0,2,5,7,0,1,1,1,5,6,18.25
Nick,Calathes,2015-03-14,MEM,MIL,1015,2,3,0,1,0,0,0,3,3,4,1,0,2,2,4,14.75
Andrew,Bogut,2015-03-14,GSW,NYK,1301,2,5,0,0,0,0,1,4,5,3,0,0,0,2,4,14.75
Reggie,Evans,2015-03-14,SAC,WAS,1058,2,3,0,0,2,3,0,6,6,0,1,0,2,2,6,14.5
Drew,Gooden,2015-03-14,WAS,SAC,1531,1,5,0,1,0,0,3,6,9,1,3,0,1,3,2,20.25
Jonas,Jerebko,2015-03-14,BOS,IND,1012,1,2,1,2,0,0,0,3,3,3,0,0,0,2,3,11.75
Nik,Stauskas,2015-03-14,SAC,WAS,1371,3,9,0,2,0,0,1,1,2,2,1,1,0,2,6,15.5
Trey,Burke,2015-03-14,UTA,DET,990,3,6,1,2,2,3,0,0,0,1,0,0,1,3,9,10.5
C.J.,Miles,2015-03-14,IND,BOS,1774,5,13,3,5,0,0,1,3,4,1,0,0,3,3,13,19.5
Henry,Sims,2015-03-14,PHI,BRK,820,0,5,0,0,3,4,3,3,6,3,1,1,1,3,3,18.5
Brook,Lopez,2015-03-14,BRK,PHI,1621,2,7,0,0,6,8,3,4,7,0,0,1,4,4,10,18.75
Quincy,Acy,2015-03-14,NYK,GSW,961,2,6,1,2,0,0,0,4,4,1,0,1,0,2,5,14.0
Markel,Brown,2015-03-14,BRK,PHI,1395,0,3,0,1,2,2,1,6,7,1,1,1,1,1,2,15.75
Rodney,Stuckey,2015-03-14,IND,BOS,1445,5,11,2,5,0,2,0,3,3,0,1,1,4,2,12,18.75
Chris,Johnson,2015-03-14,MIL,MEM,1313,2,5,1,4,0,0,0,3,3,0,0,0,0,0,5,9.25
Roy,Hibbert,2015-03-14,IND,BOS,1443,2,6,0,0,1,2,3,4,7,0,0,1,1,3,5,15.25
Jason,Richardson,2015-03-14,PHI,BRK,1162,3,11,0,4,0,0,2,1,3,4,0,1,1,2,6,17.25
Luigi,Datome,2015-03-14,BOS,IND,340,1,2,1,2,0,0,0,1,1,1,0,0,0,1,3,6.25
John,Henson,2015-03-14,MIL,MEM,1235,0,1,0,0,3,8,2,3,5,0,1,2,2,1,3,14.25
Evan,Turner,2015-03-14,BOS,IND,1598,1,7,0,2,2,4,0,7,7,7,0,1,3,2,4,23.75
Cleanthony,Early,2015-03-14,NYK,GSW,1642,5,13,0,3,0,1,3,1,4,0,0,0,2,1,10,14.0
Otto,Porter,2015-03-14,WAS,SAC,758,1,3,1,3,0,0,0,0,0,0,1,0,0,0,3,5.5
Ramon,Sessions,2015-03-14,WAS,SAC,837,1,4,1,2,0,0,0,1,1,2,1,0,1,0,3,9.25
Kosta,Koufos,2015-03-14,MEM,MIL,1076,1,3,0,0,0,0,2,5,7,0,0,1,0,5,2,12.75
Ian,Mahinmi,2015-03-14,IND,BOS,1336,1,4,0,0,0,0,2,5,7,0,1,0,1,3,2,12.25
Lance,Thomas,2015-03-14,NYK,GSW,1312,2,6,0,1,0,0,1,0,1,1,0,0,0,2,4,6.75
Ben,McLemore,2015-03-14,SAC,WAS,1679,2,10,1,7,2,2,0,4,4,1,1,0,2,2,7,15.0
Brandon,Rush,2015-03-14,GSW,NYK,346,0,1,0,0,0,0,1,2,3,0,0,1,0,1,0,5.75
Luis,Scola,2015-03-14,IND,BOS,1167,2,7,0,0,0,0,0,6,6,0,0,0,0,2,4,11.5
Elijah,Millsap,2015-03-14,UTA,DET,828,2,6,1,2,0,0,1,0,1,1,0,0,1,3,5,7.75
Kelly,Olynyk,2015-03-14,BOS,IND,1204,1,6,0,4,0,0,1,4,5,5,0,1,2,4,2,16.75
Miles,Plumlee,2015-03-14,MIL,MEM,857,2,4,0,0,0,0,0,5,5,0,0,0,3,0,4,8.75
Andre,Drummond,2015-03-14,DET,UTA,658,2,4,0,0,0,2,1,1,2,0,0,0,1,2,4,6.0
Shane,Larkin,2015-03-14,NYK,GSW,1035,2,5,0,0,0,0,1,0,1,1,0,0,2,1,4,5.75
Leandro,Barbosa,2015-03-14,GSW,NYK,403,0,3,0,1,2,2,1,0,1,0,0,0,0,1,2,3.25
Johnny,O'Bryant,2015-03-14,MIL,MEM,808,1,2,0,0,0,0,1,1,2,0,0,0,1,2,2,4.0
Jason,Smith,2015-03-14,NYK,GSW,732,0,2,0,1,0,0,0,3,3,2,0,0,0,2,0,6.75
Joe,Ingles,2015-03-14,UTA,DET,1037,0,6,0,3,0,0,0,4,4,4,1,0,1,0,0,12.5
Jerami,Grant,2015-03-14,PHI,BRK,1782,3,11,2,7,0,4,1,3,4,1,0,3,3,4,8,20.0
Reggie,Jackson,2015-03-14,DET,UTA,1678,4,11,2,4,0,0,0,4,4,0,0,0,5,1,10,13.5
Bojan,Bogdanovic,2015-03-14,BRK,PHI,983,1,4,0,1,0,0,0,0,0,0,1,0,1,0,2,3.5
JaMychal,Green,2015-03-14,MEM,MIL,138,0,0,0,0,0,0,0,0,0,0,0,0,0,1,0,0.0
Glenn,Robinson,2015-03-14,PHI,BRK,411,0,2,0,0,0,0,0,0,0,1,0,0,0,0,0,1.5
Caron,Butler,2015-03-14,DET,UTA,774,1,4,0,1,0,0,1,1,2,0,0,0,1,1,2,4.0
Kentavious,Caldwell-Pope,2015-03-14,DET,UTA,1672,0,5,0,1,1,2,1,1,2,1,2,0,1,2,1,8.5
Omri,Casspi,2015-03-14,SAC,WAS,927,1,2,0,0,0,0,0,1,1,1,0,0,3,1,2,3.25
O.J.,Mayo,2015-03-14,MIL,MEM,426,0,3,0,1,0,0,0,0,0,0,0,0,0,0,0,0.0
Festus,Ezeli,2015-03-14,GSW,NYK,441,0,3,0,0,0,0,0,1,1,0,0,0,0,1,0,1.25
Solomon,Hill,2015-03-14,IND,BOS,1486,0,5,0,1,0,0,0,3,3,1,0,0,0,1,0,5.25
JaKarr,Sampson,2015-03-14,PHI,BRK,1213,1,5,0,3,0,0,0,2,2,0,0,0,2,2,2,3.5
Damjan,Rudez,2015-03-14,IND,BOS,679,0,4,0,3,0,0,0,0,0,1,0,0,1,1,0,1.0
