first_name,last_name,date,team_abbreviation,opponent_abbreviation,seconds_played,made_field_goals,attempted_field_goals,made_three_point_field_goals,attempted_three_point_field_goals,made_free_throws,attempted_free_throws,offensive_rebounds,defensive_rebounds,total_rebounds,assists,steals,blocks,turnovers,fouls_committed,points,draftkings_score
Blake,Griffin,2015-01-07,LAC,LAL,1851,9,13,0,0,9,13,1,8,9,8,3,0,0,1,27,56.25
Klay,Thompson,2015-01-07,GSW,IND,2402,14,25,6,11,6,6,0,4,4,3,1,1,2,1,40,55.5
Anthony,Davis,2015-01-07,NOP,CHO,2491,15,24,0,0,2,2,2,10,12,1,0,4,1,3,32,56.0
Greg,Monroe,2015-01-07,DET,DAL,2048,11,16,0,0,5,5,3,15,18,6,0,1,4,2,27,58.5
Chris,Paul,2015-01-07,LAC,LAL,1872,9,15,4,6,2,2,0,2,2,11,3,0,1,2,24,50.5
Kyrie,Irving,2015-01-07,CLE,HOU,2466,15,26,4,8,4,4,1,1,2,3,1,0,4,1,38,47.0
Jeff,Teague,2015-01-07,ATL,MEM,2055,9,14,3,4,4,4,0,3,3,6,2,1,3,3,25,43.75
Mo,Williams,2015-01-07,MIN,PHO,2122,7,14,4,7,5,5,1,2,3,11,1,1,3,4,23,47.75
Khris,Middleton,2015-01-07,MIL,PHI,1642,7,9,2,2,2,2,0,3,3,3,5,0,0,2,18,37.25
Kemba,Walker,2015-01-07,CHO,NOP,2185,12,24,1,3,6,8,1,3,4,4,1,0,2,2,31,43.5
Stephen,Curry,2015-01-07,GSW,IND,2087,8,17,4,8,1,1,0,3,3,15,4,0,5,5,21,54.75
Rudy,Gay,2015-01-07,SAC,OKC,2103,9,19,3,3,7,8,4,5,9,1,1,0,2,3,28,43.25
Goran,Dragic,2015-01-07,PHO,MIN,2264,11,16,0,4,3,4,2,1,3,4,1,0,2,3,25,35.75
John,Wall,2015-01-07,WAS,NYK,2011,5,9,1,1,7,9,0,5,5,8,3,0,3,2,18,41.25
D.J.,Augustin,2015-01-07,DET,DAL,1301,9,16,4,5,4,5,0,1,1,2,1,0,2,1,26,33.25
Darren,Collison,2015-01-07,SAC,OKC,2301,9,19,5,10,1,1,0,1,1,7,2,0,3,1,24,40.75
Derrick,Favors,2015-01-07,UTA,CHI,1932,8,15,0,0,4,4,2,9,11,2,2,0,1,4,20,40.25
Victor,Oladipo,2015-01-07,ORL,DEN,2146,7,13,0,1,3,4,0,1,1,6,3,0,0,2,17,33.25
Isaiah,Thomas,2015-01-07,PHO,MIN,1873,6,14,2,3,3,4,2,3,5,3,5,0,0,4,17,38.75
Tyler,Zeller,2015-01-07,BOS,BRK,1884,7,14,0,0,4,4,3,3,6,4,1,1,1,2,18,35.0
Rudy,Gobert,2015-01-07,UTA,CHI,2185,5,8,0,0,1,2,6,8,14,0,2,5,2,2,11,41.5
Jrue,Holiday,2015-01-07,NOP,CHO,2304,6,13,2,4,2,4,2,4,6,9,2,2,3,4,16,44.5
Nene,Hilario,2015-01-07,WAS,NYK,1430,8,13,0,1,4,6,0,6,6,4,1,0,2,2,20,34.5
Mason,Plumlee,2015-01-07,BRK,BOS,2200,5,11,0,0,6,11,6,6,12,3,0,2,0,5,16,39.5
Ty,Lawson,2015-01-07,DEN,ORL,2042,9,14,3,5,2,4,1,2,3,5,1,0,5,3,23,35.25
Solomon,Hill,2015-01-07,IND,GSW,2056,8,15,2,5,3,4,0,4,4,2,0,0,0,1,21,30.0
O.J.,Mayo,2015-01-07,MIL,PHI,1413,6,11,2,6,1,2,0,4,4,6,1,0,0,1,15,32.0
Trevor,Booker,2015-01-07,UTA,CHI,1367,5,10,1,1,4,5,4,4,8,1,0,1,0,0,15,29.0
Andrew,Wiggins,2015-01-07,MIN,PHO,2339,10,16,1,4,4,5,0,4,4,2,3,0,6,5,25,36.5
Trevor,Ariza,2015-01-07,HOU,CLE,2131,5,13,3,10,0,0,2,4,6,3,5,0,0,2,13,36.5
Gordon,Hayward,2015-01-07,UTA,CHI,2011,6,14,0,4,6,7,0,4,4,5,2,1,2,2,18,35.5
Avery,Bradley,2015-01-07,BOS,BRK,2050,7,12,3,5,4,4,0,4,4,1,0,0,2,2,21,28.0
Tyson,Chandler,2015-01-07,DAL,DET,1884,4,5,0,0,1,2,4,11,15,1,1,1,0,2,9,33.25
Anthony,Bennett,2015-01-07,MIN,PHO,1334,6,10,0,0,2,2,3,7,10,1,0,0,0,0,14,28.0
Jimmy,Butler,2015-01-07,CHI,UTA,2021,5,13,2,4,4,5,3,8,11,3,2,0,2,2,16,38.25
Taj,Gibson,2015-01-07,CHI,UTA,1817,6,10,0,0,3,4,5,1,6,1,1,0,1,1,15,25.5
James,Harden,2015-01-07,HOU,CLE,1981,6,18,2,7,7,7,2,5,7,9,1,0,7,0,21,42.75
Jordan,Hill,2015-01-07,LAL,LAC,1391,6,8,0,0,1,2,2,3,5,3,1,0,0,2,13,25.75
Michael,Kidd-Gilchrist,2015-01-07,CHO,NOP,2143,4,10,0,0,5,5,2,10,12,3,1,1,1,2,13,36.0
Matt,Barnes,2015-01-07,LAC,LAL,1800,6,12,5,10,2,2,0,3,3,1,0,1,1,1,19,28.25
Serge,Ibaka,2015-01-07,OKC,SAC,1959,5,10,1,2,0,0,3,7,10,1,0,8,1,4,11,41.0
Mike,Conley,2015-01-07,MEM,ATL,2057,7,15,2,5,1,1,2,7,9,6,3,0,5,3,17,41.75
David,West,2015-01-07,IND,GSW,2067,6,11,0,0,4,4,1,6,7,6,1,0,3,4,16,34.25
DeMarcus,Cousins,2015-01-07,SAC,OKC,2252,6,23,0,0,11,13,4,11,15,4,1,3,6,2,23,52.75
Dwight,Howard,2015-01-07,HOU,CLE,2230,6,13,0,0,5,11,10,9,19,2,0,1,4,5,17,43.75
Nikola,Vucevic,2015-01-07,ORL,DEN,2044,8,18,0,0,4,6,3,8,11,2,1,0,1,5,20,38.25
Nate,Robinson,2015-01-07,DEN,ORL,1580,1,6,1,1,10,10,1,2,3,7,0,0,1,2,13,27.25
DeAndre,Jordan,2015-01-07,LAC,LAL,1817,4,7,0,0,2,4,5,8,13,0,1,3,1,2,10,33.75
Donald,Sloan,2015-01-07,IND,GSW,1211,6,11,0,3,2,2,1,4,5,5,1,0,2,0,14,28.75
Lavoy,Allen,2015-01-07,IND,GSW,1993,5,6,0,0,2,2,2,7,9,3,0,0,2,1,12,26.75
Marc,Gasol,2015-01-07,MEM,ATL,1967,6,12,0,0,4,4,1,6,7,3,2,2,3,5,16,35.75
Gerald,Green,2015-01-07,PHO,MIN,1359,8,16,3,8,2,2,0,3,3,0,0,1,1,2,21,27.75
Eric,Bledsoe,2015-01-07,PHO,MIN,1964,7,17,0,2,3,4,2,5,7,1,5,0,3,1,17,35.75
Marcin,Gortat,2015-01-07,WAS,NYK,1732,5,9,0,0,2,4,5,6,11,2,1,1,2,2,12,31.75
Chandler,Parsons,2015-01-07,DAL,DET,2147,5,13,2,5,3,3,0,3,3,4,2,0,0,3,15,29.75
Devin,Harris,2015-01-07,DAL,DET,1289,5,8,2,3,2,3,0,3,3,2,2,0,1,3,14,25.25
Josh,Smith,2015-01-07,HOU,CLE,1553,7,10,1,2,1,4,0,5,5,2,0,2,2,2,16,28.75
Corey,Brewer,2015-01-07,HOU,CLE,1241,4,8,2,3,2,2,1,0,1,3,2,0,0,2,12,22.75
Jordan,Clarkson,2015-01-07,LAL,LAC,1213,6,10,0,1,2,2,1,3,4,2,0,0,0,1,14,22.0
Kevin,Durant,2015-01-07,OKC,SAC,1954,8,20,3,7,5,7,1,8,9,0,1,1,4,3,24,38.75
Nerlens,Noel,2015-01-07,PHI,MIL,1708,6,10,0,0,1,2,4,1,5,1,2,2,2,3,13,27.75
Kevin,Love,2015-01-07,CLE,HOU,2335,7,19,0,3,3,6,3,13,16,4,0,0,1,3,17,42.5
Marreese,Speights,2015-01-07,GSW,IND,1560,8,12,0,0,2,2,1,2,3,0,0,0,1,3,18,21.25
Reggie,Jackson,2015-01-07,OKC,SAC,1309,6,11,2,4,0,0,2,3,5,4,0,0,2,0,14,26.25
J.J.,Hickson,2015-01-07,DEN,ORL,1776,4,5,0,0,3,4,0,10,10,1,2,1,3,1,11,29.5
K.J.,McDaniels,2015-01-07,PHI,MIL,1782,5,8,0,1,4,4,3,3,6,0,3,1,5,1,14,27.0
Dirk,Nowitzki,2015-01-07,DAL,DET,1728,8,19,0,3,3,4,0,5,5,2,1,1,1,1,19,31.75
Gerald,Henderson,2015-01-07,CHO,NOP,2134,7,17,0,0,2,2,0,7,7,6,0,1,2,1,16,34.75
Rasual,Butler,2015-01-07,WAS,NYK,1422,6,11,2,4,0,0,0,1,1,2,1,2,1,1,14,24.75
Jerryd,Bayless,2015-01-07,MIL,PHI,1557,6,6,0,0,0,0,0,5,5,4,2,0,4,3,12,26.25
Alex,Len,2015-01-07,PHO,MIN,1622,4,6,0,1,1,1,3,5,8,2,0,5,3,3,9,30.5
Zaza,Pachulia,2015-01-07,MIL,PHI,1932,5,10,0,0,1,1,3,9,12,7,1,0,4,5,11,36.5
Arron,Afflalo,2015-01-07,DEN,ORL,2580,7,13,0,2,3,6,0,6,6,3,0,0,2,2,17,28.0
Shane,Larkin,2015-01-07,NYK,WAS,1654,4,8,2,4,0,0,0,3,3,2,4,0,1,2,10,25.25
Brandon,Jennings,2015-01-07,DET,DAL,1579,7,18,0,2,0,0,2,2,4,6,1,0,1,0,14,29.5
Al,Horford,2015-01-07,ATL,MEM,1841,5,15,0,0,2,2,2,1,3,4,2,1,0,1,12,27.75
Joe,Johnson,2015-01-07,BRK,BOS,2217,7,16,1,7,2,2,1,2,3,3,1,1,3,1,17,28.25
JaKarr,Sampson,2015-01-07,PHI,MIL,1452,5,7,1,2,0,0,2,5,7,5,1,0,4,3,11,27.75
Pero,Antic,2015-01-07,ATL,MEM,1027,4,5,3,4,2,2,0,3,3,0,1,0,2,2,13,19.25
Brandon,Knight,2015-01-07,MIL,PHI,1915,6,12,4,7,2,4,0,3,3,5,0,0,5,1,18,28.75
Trey,Burke,2015-01-07,UTA,CHI,2006,6,13,2,4,3,4,1,2,3,4,0,0,3,3,17,26.25
Tristan,Thompson,2015-01-07,CLE,HOU,1939,2,7,0,0,7,7,5,1,6,0,1,1,1,4,11,22.0
Kevin,Garnett,2015-01-07,BRK,BOS,1372,4,9,0,0,2,2,1,7,8,3,1,1,1,3,10,28.0
Gorgui,Dieng,2015-01-07,MIN,PHO,2258,3,10,0,0,2,4,6,3,9,4,1,1,1,1,8,28.75
Evan,Fournier,2015-01-07,ORL,DEN,1108,4,8,2,5,4,4,2,1,3,1,0,0,2,2,14,19.25
Kyle,Korver,2015-01-07,ATL,MEM,2040,5,10,4,9,0,0,0,3,3,1,2,0,3,0,14,23.75
Jose,Calderon,2015-01-07,NYK,WAS,1940,7,14,2,5,1,1,1,3,4,3,1,0,4,3,17,27.5
Thaddeus,Young,2015-01-07,MIN,PHO,1737,6,18,1,2,0,0,3,5,8,4,2,1,2,1,13,34.5
Evan,Turner,2015-01-07,BOS,BRK,1586,3,9,0,2,0,0,1,7,8,7,2,0,0,3,6,30.5
Andrew,Nicholson,2015-01-07,ORL,DEN,1238,4,10,3,4,0,0,2,2,4,1,1,0,0,0,11,21.0
Andre,Drummond,2015-01-07,DET,DAL,1801,3,11,0,0,0,0,7,12,19,1,1,1,0,3,6,35.25
Eric,Gordon,2015-01-07,NOP,CHO,2339,5,13,3,7,1,2,0,2,2,4,1,2,2,3,14,29.0
Wayne,Ellington,2015-01-07,LAL,LAC,2386,4,10,2,6,3,4,0,3,3,3,0,0,0,3,13,22.25
J.J.,Redick,2015-01-07,LAC,LAL,1609,3,8,1,4,3,3,2,2,4,2,0,0,0,0,10,18.5
Mike,Scott,2015-01-07,ATL,MEM,893,3,5,2,2,0,0,2,4,6,1,0,0,0,0,8,18.0
Shabazz,Muhammad,2015-01-07,MIN,PHO,1974,5,13,1,2,1,1,1,4,5,5,1,0,2,1,12,27.25
Draymond,Green,2015-01-07,GSW,IND,1793,2,8,1,5,2,4,3,6,9,3,3,2,1,5,7,32.75
Ben,McLemore,2015-01-07,SAC,OKC,2056,5,9,1,2,0,0,1,1,2,1,4,0,2,4,11,22.5
Bradley,Beal,2015-01-07,WAS,NYK,1753,4,10,4,6,0,0,0,2,2,2,1,0,1,0,12,21.0
Carl,Landry,2015-01-07,SAC,OKC,1115,5,6,0,0,0,0,0,4,4,0,0,0,0,1,10,15.0
Jason,Maxiell,2015-01-07,CHO,NOP,889,3,5,0,0,3,5,3,1,4,0,0,1,0,1,9,16.0
Markieff,Morris,2015-01-07,PHO,MIN,2104,5,13,0,3,4,4,2,1,3,1,2,0,2,2,14,22.25
Chase,Budinger,2015-01-07,MIN,PHO,1447,5,7,0,1,0,0,2,3,5,1,0,0,1,2,10,17.25
Jarrett,Jack,2015-01-07,BRK,BOS,2360,7,13,1,2,0,0,0,4,4,4,0,0,4,1,15,24.5
Jonas,Jerebko,2015-01-07,DET,DAL,1217,3,6,0,0,0,0,6,3,9,2,2,0,2,3,6,23.25
Tayshaun,Prince,2015-01-07,MEM,ATL,1853,5,11,0,1,2,2,0,2,2,1,1,1,1,0,12,19.5
Jason,Smith,2015-01-07,NYK,WAS,1267,3,8,0,1,7,10,1,4,5,2,0,0,0,6,13,22.25
Travis,Wear,2015-01-07,NYK,WAS,1066,4,7,3,5,0,0,2,3,5,0,1,0,2,2,11,19.75
Monta,Ellis,2015-01-07,DAL,DET,2147,6,17,0,4,4,6,1,4,5,4,0,1,3,0,16,28.75
Pau,Gasol,2015-01-07,CHI,UTA,1578,5,13,1,1,2,2,2,4,6,2,0,0,1,2,13,23.5
Jerami,Grant,2015-01-07,PHI,MIL,1476,0,3,0,2,7,8,1,4,5,1,2,2,2,1,7,21.75
Cody,Zeller,2015-01-07,CHO,NOP,1668,4,9,0,0,0,0,1,2,3,2,3,1,1,2,8,22.25
Luis,Scola,2015-01-07,IND,GSW,1308,5,12,0,0,4,4,1,5,6,0,0,1,2,3,14,22.5
David,Lee,2015-01-07,GSW,IND,1025,6,10,0,0,1,2,0,3,3,1,1,0,2,4,13,19.25
Carlos,Boozer,2015-01-07,LAL,LAC,904,5,8,0,0,0,0,0,3,3,1,0,0,0,3,10,15.25
Paul,Millsap,2015-01-07,ATL,MEM,1999,2,9,0,1,7,8,2,7,9,4,1,0,4,4,11,28.25
Jusuf,Nurkic,2015-01-07,DEN,ORL,1296,3,9,0,0,2,2,1,3,4,3,1,2,1,3,8,23.0
Marcus,Smart,2015-01-07,BOS,BRK,1294,3,5,2,4,0,0,0,2,2,3,0,0,0,4,8,16.0
Andre,Iguodala,2015-01-07,GSW,IND,1913,1,5,0,3,3,4,2,0,2,3,2,0,0,1,5,16.0
Brian,Roberts,2015-01-07,CHO,NOP,695,3,5,2,3,2,2,0,2,2,0,0,0,1,2,10,13.0
Jason,Terry,2015-01-07,HOU,CLE,1457,2,3,2,3,0,0,0,4,4,4,1,0,2,3,6,19.0
Cole,Aldrich,2015-01-07,NYK,WAS,1906,5,11,0,0,1,2,2,5,7,2,1,0,3,2,11,23.25
Otto,Porter,2015-01-07,WAS,NYK,1432,3,6,0,2,0,0,2,2,4,1,1,0,0,1,6,14.5
Matthew,Dellavedova,2015-01-07,CLE,HOU,2089,3,8,2,5,1,2,0,1,1,5,0,0,1,2,9,18.25
Spencer,Hawes,2015-01-07,LAC,LAL,801,2,6,1,4,2,4,0,6,6,2,1,0,0,2,7,20.0
Thabo,Sefolosha,2015-01-07,ATL,MEM,1144,1,3,0,0,2,3,0,3,3,2,2,0,0,0,4,14.75
James,Jones,2015-01-07,CLE,HOU,629,2,4,2,4,0,0,1,1,2,0,1,0,0,0,6,11.5
Elfrid,Payton,2015-01-07,ORL,DEN,1834,1,6,0,0,0,0,1,7,8,6,3,0,1,3,2,26.5
Jeremy,Lin,2015-01-07,LAL,LAC,1566,5,9,2,4,0,0,0,2,2,3,0,0,3,4,12,18.5
Andre,Miller,2015-01-07,WAS,NYK,869,1,1,0,0,0,0,0,2,2,5,1,0,1,0,2,13.5
Mike,Miller,2015-01-07,CLE,HOU,1629,2,4,1,2,0,0,0,3,3,2,3,1,2,3,5,19.25
Brandon,Bass,2015-01-07,BOS,BRK,1170,3,8,0,0,3,6,1,3,4,0,0,1,0,0,9,16.0
Jared,Dudley,2015-01-07,MIL,PHI,1419,2,3,0,1,0,0,0,7,7,1,1,0,0,2,4,16.25
Cleanthony,Early,2015-01-07,NYK,WAS,1083,3,5,2,3,0,0,2,0,2,0,0,0,1,1,8,11.0
Tony,Snell,2015-01-07,CHI,UTA,732,2,3,1,1,0,0,2,1,3,1,1,0,1,1,5,12.25
Omer,Asik,2015-01-07,NOP,CHO,1255,1,3,0,0,4,6,3,4,7,0,0,0,0,3,6,14.75
Langston,Galloway,2015-01-07,NYK,WAS,1045,2,8,1,2,2,2,0,2,2,3,1,0,0,1,7,16.5
Jae,Crowder,2015-01-07,BOS,BRK,910,2,7,0,0,2,2,3,2,5,0,2,0,0,3,6,16.25
Tony,Allen,2015-01-07,MEM,ATL,1234,4,8,0,0,0,0,2,2,4,1,1,0,2,1,8,15.5
Martell,Webster,2015-01-07,WAS,NYK,1052,1,3,1,2,2,2,0,2,2,3,0,1,1,1,5,14.0
Chris,Copeland,2015-01-07,IND,GSW,1617,2,6,1,5,0,0,0,5,5,2,1,0,0,1,5,16.75
Tobias,Harris,2015-01-07,ORL,DEN,1952,5,13,2,3,0,1,1,5,6,1,1,2,4,2,12,26.0
Aaron,Brooks,2015-01-07,CHI,UTA,1417,3,11,2,5,4,4,0,4,4,2,0,0,2,3,12,20.0
Donatas,Motiejunas,2015-01-07,HOU,CLE,1623,5,10,0,1,0,0,2,0,2,1,0,0,1,3,10,13.5
Andrew,Bogut,2015-01-07,GSW,IND,881,2,4,0,0,0,0,2,6,8,0,0,0,0,1,4,14.0
Caron,Butler,2015-01-07,DET,DAL,1669,1,4,1,3,0,0,0,5,5,1,2,0,0,0,3,15.25
Wilson,Chandler,2015-01-07,DEN,ORL,1991,5,12,2,5,0,0,1,5,6,1,0,0,3,2,12,20.5
Pablo,Prigioni,2015-01-07,NYK,WAS,1226,1,3,1,2,0,0,1,0,1,3,2,0,1,1,3,12.75
Rajon,Rondo,2015-01-07,DAL,DET,1690,3,7,0,0,0,0,2,4,6,8,2,0,7,2,6,26.0
Nick,Calathes,2015-01-07,MEM,ATL,781,3,7,1,4,0,0,0,1,1,2,0,0,0,1,7,11.75
Elliot,Williams,2015-01-07,UTA,CHI,105,2,2,1,1,0,0,0,0,0,0,0,0,0,0,5,5.5
Marvin,Williams,2015-01-07,CHO,NOP,1510,1,5,0,2,1,2,0,1,1,2,4,0,0,2,3,15.25
Nick,Young,2015-01-07,LAL,LAC,1808,4,15,1,6,2,2,1,4,5,2,1,0,2,0,11,21.75
Sergey,Karasev,2015-01-07,BRK,BOS,1366,1,4,0,1,3,4,1,2,3,3,0,0,1,1,5,12.75
Kentavious,Caldwell-Pope,2015-01-07,DET,DAL,1053,3,6,1,2,1,2,0,2,2,1,1,0,2,2,8,13.5
DeMarre,Carroll,2015-01-07,ATL,MEM,1890,2,7,1,4,0,0,1,2,3,0,3,1,1,2,5,16.75
Joe,Ingles,2015-01-07,UTA,CHI,1603,3,8,1,3,0,0,1,3,4,3,1,0,2,3,7,18.0
Derrick,Williams,2015-01-07,SAC,OKC,1610,1,4,1,2,1,2,1,5,6,1,1,0,1,0,4,15.0
Mirza,Teletovic,2015-01-07,BRK,BOS,1141,2,4,1,1,1,2,0,6,6,0,1,0,2,1,6,15.0
Steven,Adams,2015-01-07,OKC,SAC,879,1,2,0,0,1,2,4,1,5,1,0,1,1,3,3,12.25
Harrison,Barnes,2015-01-07,GSW,IND,1468,2,4,0,0,0,0,1,3,4,1,0,0,0,1,4,10.5
Giannis,Antetokounmpo,2015-01-07,MIL,PHI,921,3,9,0,0,1,2,1,2,3,2,1,0,1,1,7,15.25
Ray,McCallum,2015-01-07,SAC,OKC,920,1,5,0,1,0,0,1,4,5,2,3,0,1,1,2,16.75
Ryan,Kelly,2015-01-07,LAL,LAC,720,1,1,0,0,1,2,1,5,6,0,0,0,0,2,3,10.5
Courtney,Lee,2015-01-07,MEM,ATL,1658,3,9,1,3,2,2,1,0,1,3,1,0,4,0,9,15.25
Perry,Jones,2015-01-07,OKC,SAC,971,1,3,1,2,0,0,0,2,2,0,2,0,0,1,3,10.0
Tim,Hardaway,2015-01-07,NYK,WAS,1424,3,10,0,3,1,1,0,3,3,3,1,0,1,2,7,16.75
Kris,Humphries,2015-01-07,WAS,NYK,1313,3,8,0,0,0,0,2,5,7,1,0,0,1,2,6,15.75
Furkan,Aldemir,2015-01-07,PHI,MIL,1081,2,3,0,0,0,0,2,4,6,0,0,0,1,3,4,11.0
Tarik,Black,2015-01-07,LAL,LAC,720,2,4,0,0,1,3,0,3,3,0,0,0,0,0,5,8.75
Jodie,Meeks,2015-01-07,DET,DAL,1827,3,11,3,5,2,2,0,0,0,2,0,0,2,2,11,14.5
Beno,Udrih,2015-01-07,MEM,ATL,1107,1,4,0,0,2,2,0,3,3,2,2,0,2,2,4,13.75
Kosta,Koufos,2015-01-07,MEM,ATL,1057,2,3,0,0,0,0,1,6,7,0,0,0,1,3,4,12.25
Tyreke,Evans,2015-01-07,NOP,CHO,2122,4,11,0,3,2,4,1,6,7,3,1,0,5,2,10,22.75
Jordan,Farmar,2015-01-07,LAC,LAL,1008,2,4,1,2,0,0,0,0,0,1,1,0,1,2,5,8.5
Marcus,Morris,2015-01-07,PHO,MIN,869,4,7,0,1,0,0,0,0,0,0,0,0,1,2,8,7.5
Jeff,Green,2015-01-07,BOS,BRK,1970,4,11,0,3,0,0,0,1,1,2,1,0,1,2,8,13.75
Greg,Smith,2015-01-07,DAL,DET,962,1,3,0,0,0,0,1,3,4,0,1,1,0,2,2,11.0
Al-Farouq,Aminu,2015-01-07,DAL,DET,39,1,1,1,1,0,0,0,0,0,0,0,0,0,0,3,3.5
Cameron,Bairstow,2015-01-07,CHI,UTA,202,1,1,0,0,0,0,0,0,0,0,1,0,0,0,2,4.0
Jeremy,Lamb,2015-01-07,OKC,SAC,225,1,1,1,1,0,0,0,0,0,0,0,0,0,0,3,3.5
Kostas,Papanikolaou,2015-01-07,HOU,CLE,363,1,1,1,1,0,0,0,0,0,0,0,0,0,0,3,3.5
Alexis,Ajinca,2015-01-07,NOP,CHO,262,1,1,0,0,1,2,0,1,1,0,0,0,0,0,3,4.25
Jimmer,Fredette,2015-01-07,NOP,CHO,605,1,4,1,2,2,2,1,1,2,2,1,0,3,1,5,11.5
Jamal,Crawford,2015-01-07,LAC,LAL,1058,1,6,0,3,2,2,0,3,3,3,0,1,1,1,4,13.75
Joe,Harris,2015-01-07,CLE,HOU,949,1,2,1,2,0,0,0,1,1,0,2,0,1,2,3,8.25
Dennis,Schroder,2015-01-07,ATL,MEM,825,1,4,0,1,2,4,1,0,1,2,3,0,3,1,4,12.75
Brook,Lopez,2015-01-07,BRK,BOS,1047,2,7,0,0,2,3,1,4,5,0,0,2,2,1,6,15.25
Marcus,Thornton,2015-01-07,BOS,BRK,830,2,7,0,1,1,1,0,3,3,2,0,0,0,2,5,11.75
C.J.,Watson,2015-01-07,IND,GSW,1669,0,3,0,3,5,5,0,4,4,5,0,0,4,3,5,15.5
Ryan,Anderson,2015-01-07,NOP,CHO,1740,2,8,0,2,2,2,0,3,3,0,1,0,0,2,6,11.75
DeJuan,Blair,2015-01-07,WAS,NYK,119,1,1,0,0,0,0,0,2,2,0,0,0,0,0,2,4.5
Dewayne,Dedmon,2015-01-07,ORL,DEN,297,1,1,0,0,0,0,1,1,2,0,0,0,0,1,2,4.5
Justin,Holiday,2015-01-07,GSW,IND,478,1,3,1,1,0,0,1,1,2,0,0,0,0,0,3,6.0
Patrick,Beverley,2015-01-07,HOU,CLE,1805,3,10,1,7,0,0,2,4,6,2,0,0,1,5,7,17.5
Bismack,Biyombo,2015-01-07,CHO,NOP,1693,1,1,0,0,1,2,2,5,7,0,0,0,1,5,3,11.25
Kenneth,Faried,2015-01-07,DEN,ORL,1555,1,6,0,0,0,0,1,11,12,1,1,1,2,1,2,21.5
Shaun,Livingston,2015-01-07,GSW,IND,793,1,3,0,0,0,1,0,1,1,4,0,0,0,2,2,9.25
Kyle,O'Quinn,2015-01-07,ORL,DEN,906,2,5,0,1,1,1,0,3,3,1,1,0,2,2,5,11.25
Dante,Exum,2015-01-07,UTA,CHI,1425,1,3,0,2,0,0,0,0,0,3,0,0,0,1,2,6.5
John,Henson,2015-01-07,MIL,PHI,948,2,5,0,0,0,0,0,2,2,2,1,4,4,3,4,17.5
Miles,Plumlee,2015-01-07,PHO,MIN,723,0,2,0,0,0,0,2,1,3,1,1,1,0,2,0,9.25
Anthony,Tolliver,2015-01-07,DET,DAL,615,1,1,1,1,0,0,0,0,0,0,0,0,0,2,3,3.5
Ed,Davis,2015-01-07,LAL,LAC,1404,2,6,0,0,0,2,2,1,3,0,0,1,0,1,4,9.75
Anthony,Morrow,2015-01-07,OKC,SAC,1562,3,12,1,6,1,1,1,1,2,0,0,0,0,0,8,11.0
E'Twaun,Moore,2015-01-07,CHI,UTA,202,1,2,0,1,0,0,0,0,0,1,0,0,0,0,2,3.5
Vince,Carter,2015-01-07,MEM,ATL,1244,2,5,1,4,0,0,0,1,1,1,0,1,2,1,5,9.25
Charlie,Villanueva,2015-01-07,DAL,DET,849,3,8,0,4,0,0,0,1,1,1,0,0,1,0,6,8.25
Kent,Bazemore,2015-01-07,ATL,MEM,686,0,0,0,0,0,0,0,3,3,1,1,1,1,2,0,8.75
Ben,Gordon,2015-01-07,ORL,DEN,826,2,6,0,3,0,0,0,1,1,2,1,0,1,2,4,9.75
Jason,Thompson,2015-01-07,SAC,OKC,1008,0,3,0,0,2,4,2,6,8,1,0,1,1,3,2,15.0
Joakim,Noah,2015-01-07,CHI,UTA,1628,0,3,0,0,1,2,2,5,7,3,0,3,3,3,1,18.75
Kendrick,Perkins,2015-01-07,OKC,SAC,783,0,0,0,0,0,2,0,7,7,2,2,1,2,5,0,16.75
Jared,Sullinger,2015-01-07,BOS,BRK,1424,1,7,0,1,0,0,3,3,6,3,1,0,1,3,2,15.5
Jeremy,Evans,2015-01-07,UTA,CHI,171,0,0,0,0,0,0,0,2,2,1,0,0,0,0,0,4.0
Zach,LaVine,2015-01-07,MIN,PHO,758,2,4,0,1,2,2,0,1,1,2,0,0,4,1,6,8.25
Nazr,Mohammed,2015-01-07,CHI,UTA,157,1,1,0,0,0,1,0,0,0,0,0,0,0,0,2,2.0
Darius,Morris,2015-01-07,BRK,BOS,273,1,2,0,0,0,0,0,0,0,1,0,0,0,1,2,3.5
P.J.,Tucker,2015-01-07,PHO,MIN,1622,1,5,0,4,0,0,1,8,9,0,0,1,1,1,2,14.75
Brendan,Haywood,2015-01-07,CLE,HOU,349,1,1,0,0,0,0,1,0,1,0,0,1,2,0,2,4.25
Dion,Waiters,2015-01-07,OKC,SAC,1339,1,9,0,3,2,2,0,2,2,1,1,1,0,0,4,12.0
Richard,Jefferson,2015-01-07,DAL,DET,1031,1,4,1,2,0,0,1,0,1,0,0,0,0,1,3,4.75
C.J.,Miles,2015-01-07,IND,GSW,2087,4,15,3,10,2,2,0,0,0,1,1,0,3,5,13,16.5
Dwight,Powell,2015-01-07,DAL,DET,34,0,0,0,0,0,0,0,0,0,1,0,0,0,0,0,1.5
Roy,Hibbert,2015-01-07,IND,GSW,339,1,2,0,0,0,0,0,1,1,0,0,1,1,1,2,4.75
Shawn,Marion,2015-01-07,CLE,HOU,955,1,6,0,1,0,0,2,2,4,2,0,0,1,0,2,9.5
Dante,Cunningham,2015-01-07,NOP,CHO,1282,1,3,0,0,0,0,0,3,3,0,0,0,0,2,2,5.75
Nate,Wolters,2015-01-07,MIL,PHI,1263,1,5,0,1,0,0,1,0,1,2,2,0,1,4,2,9.75
Jose,Barea,2015-01-07,DAL,DET,600,1,2,0,0,0,0,0,0,0,1,0,0,1,1,2,3.0
Ryan,Hollins,2015-01-07,SAC,OKC,432,0,0,0,0,0,0,0,0,0,1,0,0,0,1,0,1.5
Jon,Leuer,2015-01-07,MEM,ATL,616,2,4,0,0,0,0,0,2,2,1,0,0,1,5,4,7.5
Quincy,Pondexter,2015-01-07,MEM,ATL,559,0,1,0,0,0,0,1,1,2,0,0,0,0,0,0,2.5
Malcolm,Thomas,2015-01-07,PHI,MIL,605,0,1,0,0,0,0,2,0,2,0,0,0,0,1,0,2.5
Kelly,Olynyk,2015-01-07,BOS,BRK,1282,3,8,0,2,0,0,0,2,2,0,1,0,1,5,6,10.0
Joel,Anthony,2015-01-07,DET,DAL,79,0,0,0,0,0,0,0,0,0,0,0,0,0,0,0,0.0
Isaiah,Canaan,2015-01-07,HOU,CLE,16,0,0,0,0,0,0,0,0,0,0,0,0,0,0,0,0.0
Steve,Novak,2015-01-07,UTA,CHI,105,0,1,0,0,0,0,0,0,0,1,0,0,0,0,0,1.5
Ish,Smith,2015-01-07,OKC,SAC,225,0,0,0,0,0,0,0,1,1,0,0,1,1,0,0,2.75
Jarnell,Stokes,2015-01-07,MEM,ATL,267,0,0,0,0,0,0,0,0,0,0,0,0,0,0,0,0.0
Garrett,Temple,2015-01-07,WAS,NYK,119,0,0,0,0,0,0,0,0,0,0,0,0,0,0,0,0.0
Ekpe,Udoh,2015-01-07,LAC,LAL,361,0,1,0,0,0,0,0,0,0,1,0,0,0,0,0,1.5
Shayne,Whittington,2015-01-07,IND,GSW,53,0,0,0,0,0,0,0,0,0,0,0,0,0,0,0,0.0
Alan,Anderson,2015-01-07,BRK,BOS,1498,1,5,0,1,2,2,1,3,4,0,0,0,1,4,4,8.5
Alonzo,Gee,2015-01-07,DEN,ORL,503,0,0,0,0,0,0,0,1,1,0,0,0,0,1,0,1.25
Andre,Roberson,2015-01-07,OKC,SAC,501,0,0,0,0,1,2,0,1,1,0,0,0,1,0,1,1.75
Gary,Neal,2015-01-07,CHO,NOP,1026,2,8,1,4,0,0,0,1,1,1,0,0,1,1,5,7.75
C.J.,Wilcox,2015-01-07,LAC,LAL,361,1,4,0,1,0,0,0,0,0,0,0,0,0,0,2,2.0
Quincy,Acy,2015-01-07,NYK,WAS,1789,2,8,0,1,0,0,1,8,9,0,0,0,2,2,4,14.25
Reggie,Bullock,2015-01-07,LAC,LAL,932,1,4,0,2,0,0,0,1,1,0,0,0,0,1,2,3.25
Robbie,Hummel,2015-01-07,MIN,PHO,431,0,0,0,0,0,0,0,1,1,0,0,0,0,2,0,1.25
Robert,Covington,2015-01-07,PHI,MIL,1970,1,11,1,9,5,6,0,3,3,0,2,0,3,2,8,14.75
Tony,Wroten,2015-01-07,PHI,MIL,1408,4,19,0,7,4,4,0,0,0,1,0,0,1,2,12,13.0
Luke,Ridnour,2015-01-07,ORL,DEN,884,1,3,1,1,0,0,0,2,2,0,0,0,2,2,3,5.0
Kevin,Seraphin,2015-01-07,WAS,NYK,1029,2,5,0,0,0,0,0,2,2,0,0,0,2,2,4,5.5
Glen,Davis,2015-01-07,LAC,LAL,930,2,5,0,1,0,0,0,1,1,0,0,0,1,4,4,4.75
Darrell,Arthur,2015-01-07,DEN,ORL,1077,3,9,1,4,0,0,1,1,2,1,0,0,4,2,7,9.5
Kyle,Singler,2015-01-07,DET,DAL,1211,2,8,0,3,0,0,0,2,2,1,1,0,2,2,4,9.0
Deron,Williams,2015-01-07,BRK,BOS,247,0,1,0,0,0,0,0,1,1,0,0,0,1,0,0,0.75
Bojan,Bogdanovic,2015-01-07,BRK,BOS,678,0,2,0,2,0,0,0,4,4,1,0,0,2,0,0,5.5
Robert,Sacre,2015-01-07,LAL,LAC,621,0,2,0,0,0,0,2,2,4,0,0,0,1,3,0,4.5
Kobe,Bryant,2015-01-07,LAL,LAC,1667,2,12,0,3,0,0,0,8,8,7,1,0,6,1,4,23.5
P.J.,Hairston,2015-01-07,CHO,NOP,457,0,2,0,2,0,0,0,2,2,0,0,0,1,0,0,2.0
Johnny,O'Bryant,2015-01-07,MIL,PHI,1390,3,6,0,0,0,0,2,1,3,0,0,0,5,4,6,7.25
Drew,Gooden,2015-01-07,WAS,NYK,119,0,0,0,0,0,0,0,0,0,0,0,0,2,0,0,-1.0
Henry,Sims,2015-01-07,PHI,MIL,1087,1,8,0,0,1,1,0,5,5,1,0,0,2,0,3,9.75
Ian,Clark,2015-01-07,UTA,CHI,209,0,1,0,0,0,0,0,0,0,0,0,0,1,1,0,-0.5
Michael,Carter-Williams,2015-01-07,PHI,MIL,1831,1,13,0,4,3,4,1,4,5,5,1,1,4,3,5,20.75
Nik,Stauskas,2015-01-07,SAC,OKC,603,0,4,0,1,0,0,0,2,2,0,0,0,0,1,0,2.5
Nick,Collison,2015-01-07,OKC,SAC,1046,0,2,0,0,2,2,1,2,3,3,0,0,5,5,2,7.75
Elijah,Millsap,2015-01-07,UTA,CHI,1281,1,3,0,1,0,2,0,2,2,1,1,1,4,4,2,8.0
Derrick,Rose,2015-01-07,CHI,UTA,1812,3,15,0,1,1,2,2,2,4,2,0,0,3,2,7,13.5
Kirk,Hinrich,2015-01-07,CHI,UTA,1467,0,5,0,3,0,0,0,1,1,1,0,1,0,4,0,4.75
Nikola,Mirotic,2015-01-07,CHI,UTA,1367,1,7,0,4,0,0,0,1,1,1,0,1,2,2,2,5.75
Russell,Westbrook,2015-01-07,OKC,SAC,1647,3,19,0,5,4,5,3,4,7,4,1,0,7,4,10,23.25
Channing,Frye,2015-01-07,ORL,DEN,1165,0,5,0,4,0,0,0,1,1,1,0,0,1,3,0,2.25
J.R.,Smith,2015-01-07,CLE,HOU,1060,0,5,0,4,0,0,0,1,1,0,1,1,2,3,0,4.25
